0110000,Sapporo City
0110100,Chuo Ward
0110200,Kita Ward
0110300,Higashi Ward
0110400,Shiroishi Ward
0110500,Toyohira Ward
0110600,Minami Ward
0110700,Nishi Ward
0110800,Atsubetsu Ward
0110900,Teine Ward
0111000,Kiyota Ward
0120200,Hakodate City
0120300,Otaru City
0120400,Asahikawa City
0120500,Muroran City
0120600,Kushiro City
0120601,Kushiro  Kushiro City
0120602,Akan  Kushiro City
0120603,Onbetsu  Kushiro City
0120700,Obihiro City
0120800,Kitami City
0120801,Kitami   Kitami City
0120802,Tokoro   Kitami City
0120900,Yubari City
0121000,Iwamizawa City
0121100,Abashiri City
0121200,Rumoi City
0121300,Tomakomai City
0121400,Wakkanai City
0121500,Bibai City
0121600,Ashibetsu City
0121700,Ebetsu City
0121800,Akabira City
0121900,Mombetsu City
0122000,Shibetsu City
0122100,Nayoro City
0122200,Mikasa City
0122300,Nemuro City
0122400,Chitose City
0122500,Takikawa City
0122600,Sunagawa City
0122700,Utashinai City
0122800,Fukagawa City
0122900,Furano City
0123000,Noboribetsu City
0123100,Eniwa City
0123300,Date City
0123301,Date   Date City
0123302,Otaki   Date City
0123400,Kitahiroshima City
0123500,Ishikari City
0123600,Hokuto City
0130300,Tobetsu Town
0130400,Shinshinotsu Village
0133100,Matsumae Town
0133200,Fukushima Town
0133300,Shiriuchi Town
0133400,Kikonai Town
0133700,Nanae Town
0134300,Shikabe Town
0134500,Mori Town
0134600,Yakumo Town
0134601,Yakumo  Yakumo Town
0134602,Kumaishi  Yakumo Town
0134700,Oshamambe Town
0136100,Esashi Town
0136200,Kaminokuni Town
0136300,Assabu Town
0136400,Otobe Town
0136700,Okushiri Town
0137000,Imakane Town
0137100,Setana Town
0139100,Shimamaki Village
0139200,Suttsu Town
0139300,Kuromatsunai Town
0139400,Rankoshi Town
0139500,Niseko Town
0139600,Makkari Village
0139700,Rusutsu Village
0139800,Kimobetsu Town
0139900,Kyogoku Town
0140000,Kutchan Town
0140100,Kyowa Town
0140200,Iwanai Town
0140300,Tomari Village
0140400,Kamoenai Village
0140500,Shakotan Town
0140600,Furubira Town
0140700,Niki Town
0140800,Yoichi Town
0140900,Akaigawa Village
0142300,Namporo Town
0142400,Naie Town
0142500,Kamisunagawa Town
0142700,Yuni Town
0142800,Naganuma Town
0142900,Kuriyama Town
0143000,Tsukigata Town
0143100,Urausu Town
0143200,Shintotsukawa Town
0143300,Moseushi Town
0143400,Chippubetsu Town
0143600,Uryu Town
0143700,Hokuryu Town
0143800,Numata Town
0145200,Takasu Town
0145300,Higashikagura Town
0145400,Toma Town
0145500,Pippu Town
0145600,Aibetsu Town
0145700,Kamikawa Town
0145800,Higashikawa Town
0145900,Biei Town
0146000,Kamifurano Town
0146100,Nakafurano Town
0146200,Minamifurano Town
0146300,Shimukappu Village
0146400,Wassamu Town
0146500,Kembuchi Town
0146800,Shimokawa Town
0146900,Bifuka Town
0147000,Otoineppu Village
0147100,Nakagawa Town
0147200,Horokanai Town
0148100,Mashike Town
0148200,Obira Town
0148300,Tomamae Town
0148400,Haboro Town
0148401,Haboro Town
0148402,Teuri-Yagishiri  Haboro Town
0148500,Shosambetsu Village
0148600,Embetsu Town
0148700,Teshio Town
0151100,Sarufutsu Village
0151200,Hamatombetsu Town
0151300,Nakatombetsu Town
0151400,Esashi Town
0151600,Toyotomi Town
0151700,Rebun Town
0151800,Rishiri Town
0151900,Rishirifuji Town
0152000,Horonobe Town
0154300,Bihoro Town
0154400,Tsubetsu Town
0154500,Shari Town
0154600,Kiyosato Town
0154700,Koshimizu Town
0154900,Kunneppu Town
0155000,Oketo Town
0155200,Saroma Town
0155500,Engaru Town
0155900,Yubetsu Town
0156000,Takinoue Town
0156100,Okoppe Town
0156200,Nishiokoppe Village
0156300,Omu Town
0156400,Ozora Town
0157100,Toyoura Town
0157500,Sobetsu Town
0157800,Shiraoi Town
0158100,Atsuma Town
0158400,Toyako Town
0158500,Abira Town
0158600,Mukawa Town
0160100,Hidaka Town
0160101,Hidaka  Hidaka Town
0160102,Monbetsu  Hidaka Town
0160200,Biratori Town
0160400,Niikappu Town
0160700,Urakawa Town
0160800,Samani Town
0160900,Erimo Town
0161000,Shinhidaka Town
0163100,Otofuke Town
0163200,Shihoro Town
0163300,Kamishihoro Town
0163400,Shikaoi Town
0163500,Shintoku Town
0163600,Shimizu Town
0163700,Memuro Town
0163800,Nakasatsunai Village
0163900,Sarabetsu Village
0164100,Taiki Town
0164200,Hiroo Town
0164300,Makubetsu Town
0164400,Ikeda Town
0164500,Toyokoro Town
0164600,Hombetsu Town
0164700,Ashoro Town
0164800,Rikubetsu Town
0164900,Urahoro Town
0166100,Kushiro Town
0166200,Akkeshi Town
0166300,Hamanaka Town
0166400,Shibecha Town
0166500,Teshikaga Town
0166700,Tsurui Village
0166800,Shiranuka Town
0169001,Kunashiri Island
0169002,Etorofu Island
0169100,Betsukai Town
0169200,Nakashibetsu Town
0169300,Shibetsu Town
0169400,Rausu Town
0169500,Shikotan Village
0220100,Aomori City
0220200,Hirosaki City
0220300,Hachinohe City
0220400,Kuroishi City
0220500,Goshogawara City
0220600,Towada City
0220700,Misawa City
0220800,Mutsu City
0220900,Tsugaru City
0221000,Hirakawa City
0230100,Hiranai Town
0230300,Imabetsu Town
0230400,Yomogita Village
0230700,Sotogahama Town
0232100,Ajigasawa Town
0232300,Fukaura Town
0234300,Nishimeya Village
0236100,Fujisaki Town
0236200,Owani Town
0236700,Inakadate Village
0238100,Itayanagi Town
0238400,Tsuruta Town
0238700,Nakadomari Town
0240100,Noheji Town
0240200,Shichinohe Town
0240500,Rokunohe Town
0240600,Yokohama Town
0240800,Tohoku Town
0241100,Rokkasho Village
0241200,Oirase Town
0242300,Oma Town
0242400,Higashidori Village
0242500,Kazamaura Village
0242600,Sai Village
0244100,Sannohe Town
0244200,Gonohe Town
0244300,Takko Town
0244500,Nambu Town
0244600,Hashikami Town
0245000,Shingo Village
0320100,Morioka City
0320200,Miyako City
0320300,Ofunato City
0320500,Hanamaki City
0320600,Kitakami City
0320700,Kuji City
0320800,Tono City
0320900,Ichinoseki City
0321000,Rikuzentakata City
0321100,Kamaishi City
0321300,Ninohe City
0321400,Hachimantai City
0321500,Oshu City
0321600,Takizawa City
0330100,Shizukuishi Town
0330200,Kuzumaki Town
0330300,Iwate Town
0332100,Shiwa Town
0332200,Yahaba Town
0336600,Nishiwaga Town
0338100,Kanegasaki Town
0340200,Hiraizumi Town
0344100,Sumita Town
0346100,Otsuchi Town
0348200,Yamada Town
0348300,Iwaizumi Town
0348400,Tanohata Village
0348500,Fudai Village
0350100,Karumai Town
0350300,Noda Village
0350600,Kunohe Village
0350700,Hirono Town
0352400,Ichinohe Town
0410000,Sendai City
0410001,Eastern Sendai City
0410002,Western Sendai City
0410100,Aoba Ward
0410200,Miyagino Ward
0410300,Wakabayashi Ward
0410400,Taihaku Ward
0410500,Izumi Ward
0420200,Ishinomaki City
0420300,Shiogama City
0420500,Kesennuma City
0420600,Shiroishi City
0420700,Natori City
0420800,Kakuda City
0420900,Tagajo City
0421100,Iwanuma City
0421200,Tome City
0421300,Kurihara City
0421301,Eastern Kurihara City
0421302,Western Kurihara City
0421400,Higashimatsushima City
0421500,Osaki City
0421501,Eastern Osaki City
0421502,Western Osaki City
0421600,Tomiya City
0430100,Zao Town
0430200,Shichikashuku Town
0432100,Ogawara Town
0432200,Murata Town
0432300,Shibata Town
0432400,Kawasaki Town
0434100,Marumori Town
0436100,Watari Town
0436200,Yamamoto Town
0440100,Matsushima Town
0440400,Shichigahama Town
0440600,Rifu Town
0442100,Taiwa Town
0442101,Eastern Taiwa Town
0442102,Western Taiwa Town
0442200,Osato Town
0442400,Ohira Village
0444400,Shikama Town
0444500,Kami Town
0450100,Wakuya Town
0450500,Misato Town
0458100,Onagawa Town
0460600,Minamisanriku Town
0520100,Akita City
0520111,Akita  Akita City
0520112,Kawabeyuwa  Akita City
0520200,Noshiro City
0520300,Yokote City
0520400,Odate City
0520600,Oga City
0520700,Yuzawa City
0520900,Kazuno City
0521000,Yurihonjo City
0521011,Coast of Yurihonjo City
0521012,Inland of Yurihonjo City
0521100,Katagami City
0521200,Daisen City
0521300,Kitaakita City
0521400,Nikaho City
0521500,Semboku City
0530300,Kosaka Town
0532700,Kamikoani Village
0534600,Fujisato Town
0534800,Mitane Town
0534900,Happou Town
0536100,Gojome Town
0536300,Hachirogata Town
0536600,Ikawa Town
0536800,Ogata Village
0543400,Misato Town
0546300,Ugo Town
0546400,Higashinaruse Village
0620100,Yamagata City
0620200,Yonezawa City
0620300,Tsuruoka City
0620311,Northern Tsuruoka City
0620312,Southern Tsuruoka City
0620400,Sakata City
0620411,Southern Sakata City
0620412,Tobishima   Sakata City
0620413,Northern Sakata City
0620500,Shinjo City
0620600,Sagae City
0620700,Kaminoyama City
0620800,Murayama City
0620900,Nagai City
0621000,Tendo City
0621100,Higashine City
0621200,Obanazawa City
0621300,Nanyo City
0630100,Yamanobe Town
0630200,Nakayama Town
0632100,Kahoku Town
0632200,Nishikawa Town
0632300,Asahi Town
0632400,Oe Town
0634100,Oishida Town
0636100,Kaneyama Town
0636200,Mogami Town
0636300,Funagata Town
0636400,Mamurogawa Town
0636500,Okura Village
0636600,Sakegawa Village
0636700,Tozawa Village
0638100,Takahata Town
0638200,Kawanishi Town
0640100,Oguni Town
0640200,Shirataka Town
0640300,Iide Town
0642600,Mikawa Town
0642800,Shonai Town
0646100,Yuza Town
0720100,Fukushima City
0720200,Aizuwakamatsu City
0720300,Koriyama City
0720301,Koriyama City
0720302,Konan  Koriyama City
0720400,Iwaki City
0720500,Shirakawa City
0720700,Sukagawa City
0720800,Kitakata City
0720900,Soma City
0721000,Nihonmatsu City
0721100,Tamura City
0721200,Minamisoma City
0721300,Date City
0721400,Motomiya City
0730100,Koori Town
0730300,Kunimi Town
0730800,Kawamata Town
0732200,Otama Village
0734200,Kagamiishi Town
0734400,Tenei Village
0734401,Tenei Village
0734402,Yumoto  Tenei Village
0736200,Shimogo Town
0736400,Hinoemata Village
0736700,Tadami Town
0736800,Minamiaizu Town
0740200,Kitashiobara Village
0740500,Nishiaizu Town
0740700,Bandai Town
0740800,Inawashiro Town
0742100,Aizubange Town
0742200,Yugawa Village
0742300,Yanaizu Town
0744400,Mishima Town
0744500,Kaneyama Town
0744600,Showa Village
0744700,Aizumisato Town
0746100,Nishigo Village
0746400,Izumizaki Village
0746500,Nakajima Village
0746600,Yabuki Town
0748100,Tanagura Town
0748200,Yamatsuri Town
0748300,Hanawa Town
0748400,Samegawa Village
0750100,Ishikawa Town
0750200,Tamakawa Village
0750300,Hirata Village
0750400,Asakawa Town
0750500,Furudono Town
0752100,Miharu Town
0752200,Ono Town
0754100,Hirono Town
0754200,Naraha Town
0754300,Tomioka Town
0754400,Kawauchi Village
0754500,Okuma Town
0754600,Futaba Town
0754700,Namie Town
0754800,Katsurao Village
0756100,Shinchi Town
0756400,Iitate Village
0820100,Mito City
0820200,Hitachi City
0820300,Tsuchiura City
0820400,Koga City
0820500,Ishioka City
0820700,Yuki City
0820800,Ryugasaki City
0821000,Shimotsuma City
0821100,Joso City
0821200,Hitachiota City
0821400,Takahagi City
0821500,Kitaibaraki City
0821600,Kasama City
0821700,Toride City
0821900,Ushiku City
0822000,Tsukuba City
0822100,Hitachinaka City
0822200,Kashima City
0822300,Itako City
0822400,Moriya City
0822500,Hitachiomiya City
0822600,Naka City
0822700,Chikusei City
0822800,Bando City
0822900,Inashiki City
0823000,Kasumigaura City
0823100,Sakuragawa City
0823200,Kamisu City
0823300,Namegata City
0823400,Hokota City
0823500,Tsukubamirai City
0823600,Omitama City
0830200,Ibaraki Town
0830900,Oarai Town
0831000,Shirosato Town
0834100,Tokai Village
0836400,Daigo Town
0844200,Miho Village
0844300,Ami Town
0844700,Kawachi Town
0852100,Yachiyo Town
0854200,Goka Town
0854600,Sakai Town
0856400,Tone Town
0920100,Utsunomiya City
0920200,Ashikaga City
0920300,Tochigi City
0920400,Sano City
0920500,Kanuma City
0920600,Nikko City
0920601,Imaichi  Nikko City
0920602,Nikko  Nikko City
0920603,Fujihara  Nikko City
0920604,Ashio  Nikko City
0920605,Kuriyama  Nikko City
0920800,Oyama City
0920900,Moka City
0921000,Ohtawara City
0921100,Yaita City
0921300,Nasushiobara City
0921400,Sakura City
0921500,Nasukarasuyama City
0921600,Shimotsuke City
0930100,Kaminokawa Town
0934200,Mashiko Town
0934300,Motegi Town
0934400,Ichikai Town
0934500,Haga Town
0936100,Mibu Town
0936400,Nogi Town
0938400,Shioya Town
0938600,Takanezawa Town
0940700,Nasu Town
0941100,Nakagawa Town
1020100,Maebashi City
1020200,Takasaki City
1020300,Kiryu City
1020400,Isesaki City
1020500,Ota City
1020600,Numata City
1020700,Tatebayashi City
1020800,Shibukawa City
1020900,Fujioka City
1021000,Tomioka City
1021100,Annaka City
1021200,Midori City
1034400,Shinto Village
1034500,Yoshioka Town
1036600,Ueno Village
1036700,Kanna Town
1038200,Shimonita Town
1038300,Nammoku Village
1038400,Kanra Town
1042100,Nakanojo Town
1042400,Naganohara Town
1042500,Tsumagoi Village
1042600,Kusatsu Town
1042800,Takayama Village
1042900,Higashiagatsuma Town
1044300,Katashina Village
1044400,Kawaba Village
1044800,Showa Village
1044900,Minakami Town
1046400,Tamamura Town
1052100,Itakura Town
1052200,Meiwa Town
1052300,Chiyoda Town
1052400,Oizumi Town
1052500,Ora Town
1110000,Saitama City
1110100,Nishi Ward
1110200,Kita Ward
1110300,Omiya Ward
1110400,Minuma Ward
1110500,Chuo Ward
1110600,Sakura Ward
1110700,Urawa Ward
1110800,Minami Ward
1110900,Midori Ward
1111000,Iwatsuki Ward
1120100,Kawagoe City
1120200,Kumagaya City
1120300,Kawaguchi City
1120600,Gyoda City
1120700,Chichibu City
1120800,Tokorozawa City
1120900,Hanno City
1121000,Kazo City
1121100,Honjo City
1121200,Higashimatsuyama City
1121400,Kasukabe City
1121500,Sayama City
1121600,Hanyu City
1121700,Kounosu City
1121800,Fukaya City
1121900,Ageo City
1122100,Soka City
1122200,Koshigaya City
1122300,Warabi City
1122400,Toda City
1122500,Iruma City
1122700,Asaka City
1122800,Shiki City
1122900,Wako City
1123000,Niiza City
1123100,Okegawa City
1123200,Kuki City
1123300,Kitamoto City
1123400,Yashio City
1123500,Fujimi City
1123700,Misato City
1123800,Hasuda City
1123900,Sakado City
1124000,Satte City
1124100,Tsurugashima City
1124200,Hidaka City
1124300,Yoshikawa City
1124500,Fujimino City
1124600,Shiraoka City
1130100,Ina Town
1132400,Miyoshi Town
1132600,Moroyama Town
1132700,Ogose Town
1134100,Namegawa Town
1134200,Ranzan Town
1134300,Ogawa Town
1134600,Kawajima Town
1134700,Yoshimi Town
1134800,Hatoyama Town
1134900,Tokigawa Town
1136100,Yokoze Town
1136200,Minano Town
1136300,Nagatoro Town
1136500,Ogano Town
1136900,Higashichichibu Village
1138100,Misato Town
1138300,Kamikawa Town
1138500,Kamisato Town
1140800,Yorii Town
1144200,Miyashiro Town
1146400,Sugito Town
1146500,Matsubushi Town
1210000,Chiba City
1210100,Chuo Ward
1210200,Hanamigawa Ward
1210300,Inage Ward
1210400,Wakaba Ward
1210500,Midori Ward
1210600,Mihama Ward
1220200,Choshi City
1220300,Ichikawa City
1220400,Funabashi City
1220500,Tateyama City
1220600,Kisarazu City
1220700,Matsudo City
1220800,Noda City
1221000,Mobara City
1221100,Narita City
1221200,Sakura City
1221300,Togane City
1221500,Asahi City
1221600,Narashino City
1221700,Kashiwa City
1221800,Katsuura City
1221900,Ichihara City
1222000,Nagareyama City
1222100,Yachiyo City
1222200,Abiko City
1222300,Kamogawa City
1222400,Kamagaya City
1222500,Kimitsu City
1222600,Futtsu City
1222700,Urayasu City
1222800,Yotsukaido City
1222900,Sodegaura City
1223000,Yachimata City
1223100,Inzai City
1223200,Shiroi City
1223300,Tomisato City
1223400,Minamiboso City
1223500,Sosa City
1223600,Katori City
1223700,Sammu City
1223800,Isumi City
1223900,Oamishirasato City
1232200,Shisui Town
1232900,Sakae Town
1234200,Kozaki Town
1234700,Tako Town
1234900,Tohnosho Town
1240300,Kujukuri Town
1240900,Shibayama Town
1241000,Yokoshibahikari Town
1242100,Ichinomiya Town
1242200,Mutsuzawa Town
1242300,Chosei Village
1242400,Shirako Town
1242600,Nagara Town
1242700,Chonan Town
1244100,Otaki Town
1244300,Onjuku Town
1246300,Kyonan Town
1310100,Chiyoda City
1310200,Chuo City
1310300,Minato City
1310400,Shinjuku City
1310500,Bunkyo City
1310600,Taito City
1310700,Sumida City
1310800,Koto City
1310900,Shinagawa City
1311000,Meguro City
1311100,Ota City
1311200,Setagaya City
1311300,Shibuya City
1311400,Nakano City
1311500,Suginami City
1311600,Toshima City
1311700,Kita City
1311800,Arakawa City
1311900,Itabashi City
1312000,Nerima City
1312100,Adachi City
1312200,Katsushika City
1312300,Edogawa City
1320100,Hachioji City
1320200,Tachikawa City
1320300,Musashino City
1320400,Mitaka City
1320500,Ome City
1320600,Fuchu City
1320700,Akishima City
1320800,Chofu City
1320900,Machida City
1321000,Koganei City
1321100,Kodaira City
1321200,Hino City
1321300,Higashimurayama City
1321400,Kokubunji City
1321500,Kunitachi City
1321800,Fussa City
1321900,Komae City
1322000,Higashiyamato City
1322100,Kiyose City
1322200,Higashikurume City
1322300,Musashimurayama City
1322400,Tama City
1322500,Inagi City
1322700,Hamura City
1322800,Akiruno City
1322900,Nishitokyo City
1330300,Mizuho Town
1330500,Hinode Town
1330700,Hinohara Village
1330800,Okutama Town
1336100,Oshima Town
1336200,Toshima Village
1336300,Niijima Village
1336400,Kouzushima Village
1338100,Miyake Village
1338200,Mikurashima Village
1340000,Tokyo Hachijo Branch Office
1340100,Hachijo Town
1340200,Aogashima Village
1342100,Ogasawara Village
1410000,Yokohama City
1410011,Northern Yokohama City
1410012,Southern Yokohama City
1410100,Tsurumi Ward
1410200,Kanagawa Ward
1410300,Nishi Ward
1410400,Naka Ward
1410500,Minami Ward
1410600,Hodogaya Ward
1410700,Isogo Ward
1410800,Kanazawa Ward
1410900,Kohoku Ward
1411000,Totsuka Ward
1411100,Konan Ward
1411200,Asahi Ward
1411300,Midori Ward
1411400,Seya Ward
1411500,Sakae Ward
1411600,Izumi Ward
1411700,Aoba Ward
1411800,Tsuzuki Ward
1413000,Kawasaki City
1413100,Kawasaki Ward
1413200,Saiwai Ward
1413300,Nakahara Ward
1413400,Takatsu Ward
1413500,Tama Ward
1413600,Miyamae Ward
1413700,Asao Ward
1415000,Sagamihara City
1415011,Western Sagamihara City
1415012,Eastern Sagamihara City
1415100,Midori Ward
1415200,Chuo Ward
1415300,Minami Ward
1420100,Yokosuka City
1420300,Hiratsuka City
1420400,Kamakura City
1420500,Fujisawa City
1420600,Odawara City
1420700,Chigasaki City
1420800,Zushi City
1421000,Miura City
1421100,Hadano City
1421200,Atsugi City
1421300,Yamato City
1421400,Isehara City
1421500,Ebina City
1421600,Zama City
1421700,Minamiashigara City
1421800,Ayase City
1430100,Hayama Town
1432100,Samukawa Town
1434100,Oiso Town
1434200,Ninomiya Town
1436100,Nakai Town
1436200,Oi Town
1436300,Matsuda Town
1436400,Yamakita Town
1436600,Kaisei Town
1438200,Hakone Town
1438300,Manazuru Town
1438400,Yugawara Town
1440100,Aikawa Town
1440200,Kiyokawa Village
1510000,Niigata City
1510100,Kita Ward
1510200,Higashi Ward
1510300,Chuo Ward
1510400,Konan Ward
1510500,Akiha Ward
1510600,Minami Ward
1510700,Nishi Ward
1510800,Nishikan Ward
1520200,Nagaoka City
1520400,Sanjo City
1520500,Kashiwazaki City
1520600,Shibata City
1520800,Ojiya City
1520900,Kamo City
1521000,Tokamachi City
1521100,Mitsuke City
1521200,Murakami City
1521300,Tsubame City
1521600,Itoigawa City
1521700,Myoko City
1521800,Gosen City
1522200,Joetsu City
1522300,Agano City
1522400,Sado City
1522500,Uonuma City
1522600,Minamiuonuma City
1522700,Tainai City
1530700,Seiro Town
1534200,Yahiko Village
1536100,Tagami Town
1538500,Aga Town
1540500,Izumozaki Town
1546100,Yuzawa Town
1548200,Tsunan Town
1550400,Kariwa Village
1558100,Sekikawa Village
1558600,Awashimaura Village
1620100,Toyama City
1620111,Plain Area of Toyama City
1620112,Eastern mountains Region of Toyama City
1620113,Western mountains Region of Toyama City
1620200,Takaoka City
1620400,Uozu City
1620500,Himi City
1620600,Namerikawa City
1620700,Kurobe City
1620800,Tonami City
1620900,Oyabe City
1621000,Nanto City
1621100,Imizu City
1632100,Funahashi Village
1632200,Kamiichi Town
1632300,Tateyama Town
1634200,Nyuzen Town
1634300,Asahi Town
1720100,Kanazawa City
1720200,Nanao City
1720300,Komatsu City
1720400,Wajima City
1720500,Suzu City
1720600,Kaga City
1720700,Hakui City
1720900,Kahoku City
1721000,Hakusan City
1721100,Nomi City
1721200,Nonoichi City
1732400,Kawakita Town
1736100,Tsubata Town
1736500,Uchinada Town
1738400,Shika Town
1738600,Hodatsushimizu Town
1740700,Nakanoto Town
1746100,Anamizu Town
1746300,Noto Town
1820100,Fukui City
1820200,Tsuruga City
1820400,Obama City
1820500,Ono City
1820600,Katsuyama City
1820700,Sabae City
1820800,Awara City
1820900,Echizen City
1821000,Sakai City
1832200,Eiheiji Town
1838200,Ikeda Town
1840400,Minamiechizen Town
1842300,Echizen Town
1844200,Mihama Town
1848100,Takahama Town
1848300,Ohi Town
1850100,Wakasa Town
1920100,Kofu City
1920200,Fujiyoshida City
1920400,Tsuru City
1920500,Yamanashi City
1920600,Otsuki City
1920700,Nirasaki City
1920800,Minamialps City
1920900,Hokuto City
1921000,Kai City
1921100,Fuefuki City
1921200,Uenohara City
1921300,Koshu City
1921400,Chuo City
1934600,Ichikawamisato Town
1936400,Hayakawa Town
1936500,Minobu Town
1936600,Nambu Town
1936800,Fujikawa Town
1938400,Showa Town
1942200,Doshi Village
1942300,Nishikatsura Town
1942400,Oshino Village
1942500,Yamanakako Village
1942900,Narusawa Village
1943000,Fujikawaguchiko Town
1944200,Kosuge Village
1944300,Tabayama Village
2020100,Nagano City
2020111,Nagano  Nagano City
2020112,Kinasatogakushi  Nagano City
2020200,Matsumoto City
2020201,Matsumoto  Matsumoto City
2020202,Norikura-Kamikochi  Matsumoto City
2020300,Ueda City
2020400,Okaya City
2020500,Iida City
2020511,Iida  Iida City
2020512,Kamimura-Miminamishinano  Iida City
2020600,Suwa City
2020700,Suzaka City
2020800,Komoro City
2020900,Ina City
2020911,Ina  Ina City
2020912,Hase  Ina City
2021000,Komagane City
2021100,Nakano City
2021200,Omachi City
2021300,Iiyama City
2021400,Chino City
2021500,Shiojiri City
2021501,Shiojiri  Shiojiri City
2021502,Narakawa  Shiojiri City
2021700,Saku City
2021800,Chikuma City
2021900,Tomi City
2022000,Azumino City
2030300,Koumi Town
2030400,Kawakami Village
2030500,Minamimaki Village
2030600,Minamiaiki Village
2030700,Kitaaiki Village
2030900,Sakuho Town
2032100,Karuizawa Town
2032300,Miyota Town
2032400,Tateshina Town
2034900,Aoki Village
2035000,Nagawa Town
2036100,Shimosuwa Town
2036200,Fujimi Town
2036300,Hara Village
2038200,Tatsuno Town
2038300,Minowa Town
2038400,Iijima Town
2038500,Minamiminowa Village
2038600,Nakagawa Village
2038800,Miyada Village
2040200,Matsukawa Town
2040300,Takamori Town
2040400,Anan Town
2040700,Achi Village
2040900,Hiraya Village
2041000,Neba Village
2041100,Shimojo Village
2041200,Urugi Village
2041300,Tenryu Village
2041400,Yasuoka Village
2041500,Takagi Village
2041600,Toyooka Village
2041700,Oshika Village
2042200,Agematsu Town
2042300,Nagiso Town
2042500,Kiso Village
2042900,Otaki Village
2043000,Okuwa Village
2043200,Kiso Town
2044600,Omi Village
2044800,Ikusaka Village
2045000,Yamagata Village
2045100,Asahi Village
2045200,Chikuhoku Village
2048100,Ikeda Town
2048200,Matsukawa Village
2048500,Hakuba Village
2048600,Otari Village
2052100,Sakaki Town
2054100,Obuse Town
2054300,Takayama Village
2056100,Yamanouchi Town
2056200,Kijimadaira Village
2056300,Nozawaonsen Village
2058300,Shinano Town
2058800,Ogawa Village
2059000,Iizuna Town
2060200,Sakae Village
2120100,Gifu City
2120200,Ogaki City
2120300,Takayama City
2120400,Tajimi City
2120500,Seki City
2120600,Nakatsugawa City
2120700,Mino City
2120800,Mizunami City
2120900,Hashima City
2121000,Ena City
2121100,Minokamo City
2121200,Toki City
2121300,Kakamigahara City
2121400,Kani City
2121500,Yamagata City
2121600,Mizuho City
2121700,Hida City
2121800,Motosu City
2121900,Gujo City
2122000,Gero City
2122100,Kaizu City
2130200,Ginan Town
2130300,Kasamatsu Town
2134100,Yoro Town
2136100,Tarui Town
2136200,Sekigahara Town
2138100,Godo Town
2138200,Wanouchi Town
2138300,Ampachi Town
2140100,Ibigawa Town
2140300,Ono Town
2140400,Ikeda Town
2142100,Kitagata Town
2150100,Sakahogi Town
2150200,Tomika Town
2150300,Kawabe Town
2150400,Hichiso Town
2150500,Yaotsu Town
2150600,Shirakawa Town
2150700,Higashishirakawa Village
2152100,Mitake Town
2160400,Shirakawa Village
2210000,Shizuoka City
2210001,Southern Shizuoka City
2210002,Northern Shizuoka City
2210100,Aoi Ward
2210200,Suruga Ward
2210300,Shimizu Ward
2213000,Hamamatsu City
2213001,Southern Hamamatsu City
2213002,Northern Hamamatsu City
2213800,Chuo Ward
2213900,Hamana Ward
2214000,Tenryu Ward
2220300,Numazu City
2220500,Atami City
2220600,Mishima City
2220700,Fujinomiya City
2220800,Ito City
2220900,Shimada City
2221000,Fuji City
2221100,Iwata City
2221200,Yaizu City
2221300,Kakegawa City
2221400,Fujieda City
2221500,Gotemba City
2221600,Fukuroi City
2221900,Shimoda City
2222000,Susono City
2222100,Kosai City
2222200,Izu City
2222300,Omaezaki City
2222400,Kikugawa City
2222500,Izunokuni City
2222600,Makinohara City
2230100,Higashiizu Town
2230200,Kawazu Town
2230400,Miamiizu Town
2230500,Matsuzaki Town
2230600,Nishiizu Town
2232500,Kannami Town
2234100,Shimizu Town
2234200,Nagaizumi Town
2234400,Oyama Town
2242400,Yoshida Town
2242900,Kawanehoncho Town
2246100,Mori Town
2310000,Nagoya City
2310100,Chikusa Ward
2310200,Higashi Ward
2310300,Kita Ward
2310400,Nishi Ward
2310500,Nakamura Ward
2310600,Naka Ward
2310700,Showa Ward
2310800,Mizuho Ward
2310900,Atsuta Ward
2311000,Nakagawa Ward
2311100,Minato Ward
2311200,Minami Ward
2311300,Moriyama Ward
2311400,Midori Ward
2311500,Meito Ward
2311600,Tempaku Ward
2320100,Toyohashi City
2320200,Okazaki City
2320300,Ichinomiya City
2320400,Seto City
2320500,Handa City
2320600,Kasugai City
2320700,Toyokawa City
2320800,Tsushima City
2320900,Hekinan City
2321000,Kariya City
2321100,Toyota City
2321101,Western Toyota City
2321102,Eastern Toyota City
2321200,Anjo City
2321300,Nishio City
2321400,Gamagori City
2321500,Inuyama City
2321600,Tokoname City
2321700,Konan City
2321900,Komaki City
2322000,Inazawa City
2322100,Shinshiro City
2322200,Tokai City
2322300,Obu City
2322400,Chita City
2322500,Chiryu City
2322600,Owariasahi City
2322700,Takahama City
2322800,Iwakura City
2322900,Toyoake City
2323000,Nisshin City
2323100,Tahara City
2323200,Aisai City
2323300,Kiyosu City
2323400,Kitanagoya City
2323500,Yatomi City
2323600,Miyoshi City
2323700,Ama City
2323800,Nagakute City
2330200,Togo Town
2334200,Toyoyama Town
2336100,Oguchi Town
2336200,Fuso Town
2342400,Oharu Town
2342500,Kanie Town
2342700,Tobishima Village
2344100,Agui Town
2344200,Higashiura Town
2344500,Minamichita Town
2344600,Mihama Town
2344700,Taketoyo Town
2350100,Kota Town
2356100,Shitara Town
2356200,Toei Town
2356300,Toyone Village
2420100,Tsu City
2420111,Eastern Tsu City
2420112,Midwestern Tsu City
2420200,Yokkaichi City
2420300,Ise City
2420400,Matsusaka City
2420411,Eastern Matsusaka City
2420412,Western Matsusaka City
2420500,Kuwana City
2420700,Suzuka City
2420800,Nabari City
2420900,Owase City
2421000,Kameyama City
2421100,Toba City
2421200,Kumano City
2421400,Inabe City
2421500,Shima City
2421600,Iga City
2430300,Kisosaki Town
2432400,Toin Town
2434100,Komono Town
2434300,Asahi Town
2434400,Kawagoe Town
2444100,Taki Town
2444200,Meiwa Town
2444300,Odai Town
2446100,Tamaki Town
2447000,Watarai Town
2447100,Taiki Town
2447200,Minamiise Town
2454300,Kihoku Town
2456100,Mihama Town
2456200,Kiho Town
2520100,Otsu City
2520101,Southern Otsu City
2520102,Northern Otsu City
2520200,Hikone City
2520300,Nagahama City
2520400,Omihachiman City
2520600,Kusatsu City
2520700,Moriyama City
2520800,Ritto City
2520900,Koka City
2521000,Yasu City
2521100,Konan City
2521200,Takashima City
2521300,Higashiomi City
2521400,Maibara City
2538300,Hino Town
2538400,Ryuoh Town
2542500,Aisho Town
2544100,Toyosato Town
2544200,Kora Town
2544300,Taga Town
2610000,Kyoto City
2610100,Kita Ward
2610200,Kamigyo Ward
2610300,Sakyo Ward
2610400,Nakagyo Ward
2610500,Higashiyama Ward
2610600,Shimogyo Ward
2610700,Minami Ward
2610800,Ukyo Ward
2610900,Fushimi Ward
2611000,Yamashina Ward
2611100,Nishikyo Ward
2620100,Fukuchiyama City
2620111,Kyu-Fukuchiyama City Area  Fukuchiyama City
2620112,Miwacho  Fukuchiyama City
2620113,Yakunocho  Fukuchiyama City
2620114,Oecho  Fukuchiyama City
2620200,Maizuru City
2620300,Ayabe City
2620400,Uji City
2620500,Miyazu City
2620600,Kameoka City
2620700,Joyo City
2620800,Muko City
2620900,Nagaokakyo City
2621000,Yawata City
2621100,Kyotanabe City
2621200,Kyotango City
2621211,Mineyamacho  Kyotango City
2621212,Omiyacho  Kyotango City
2621213,Aminocho  Kyotango City
2621214,Tangocho  Kyotango City
2621215,Yasakacho  Kyotango City
2621216,Kumihamacho  Kyotango City
2621300,Nantan City
2621311,Miyamacho  Nantan City
2621312,Sonobecho  Nantan City
2621313,Yagicho  Nantan City
2621314,Hiyoshicho  Nantan City
2621400,Kizugawa City
2621411,Yamashirocho  Kizugawa City
2621412,Kizumachi  Kizugawa City
2621413,Kamocho  Kizugawa City
2630300,Oyamazaki Town
2632200,Kumiyama Town
2634300,Ide Town
2634400,Ujitawara Town
2636400,Kasagi Town
2636500,Wazuka Town
2636600,Seika Town
2636700,Minamiyamashiro Village
2640700,Kyotamba Town
2640711,Kyu-Tambacho   Kyotamba Town
2640712,Kyu-Mizuhocho   Kyotamba Town
2640713,Kyu-Wachicho   Kyotamba Town
2646300,Ine Town
2646500,Yosano Town
2646511,Kyu-Kayacho   Yosano Town
2646512,Kyu-Iwatakicho   Yosano Town
2646513,Kyu-Nodagawacho   Yosano Town
2710000,Osaka City
2710200,Miyakojima Ward
2710300,Fukushima Ward
2710400,Konohana Ward
2710600,Nishi Ward
2710700,Minato Ward
2710800,Taisho Ward
2710900,Tennoji Ward
2711100,Naniwa Ward
2711300,Nishiyodogawa Ward
2711400,Higashiyodogawa Ward
2711500,Higashinari Ward
2711600,Ikuno Ward
2711700,Asahi Ward
2711800,Joto Ward
2711900,Abeno Ward
2712000,Sumiyoshi Ward
2712100,Higashisumiyoshi Ward
2712200,Nishinari Ward
2712300,Yodogawa Ward
2712400,Tsurumi Ward
2712500,Suminoe Ward
2712600,Hirano Ward
2712700,Kita Ward
2712800,Chuo Ward
2714000,Sakai City
2714100,Sakai Ward
2714200,Naka Ward
2714300,Higashi Ward
2714400,Nishi Ward
2714500,Minami Ward
2714600,Kita Ward
2714700,Mihara Ward
2720200,Kishiwada City
2720300,Toyonaka City
2720400,Ikeda City
2720500,Suita City
2720600,Izumiotsu City
2720700,Takatsuki City
2720800,Kaizuka City
2720900,Moriguchi City
2721000,Hirakata City
2721100,Ibaraki City
2721200,Yao City
2721300,Izumisano City
2721400,Tondabayashi City
2721500,Neyagawa City
2721600,Kawachinagano City
2721700,Matsubara City
2721800,Daito City
2721900,Izumi City
2722000,Minoh City
2722100,Kashiwara City
2722200,Habikino City
2722300,Kadoma City
2722400,Settsu City
2722500,Takaishi City
2722600,Fujiidera City
2722700,Higashiosaka City
2722800,Sennan City
2722900,Shijonawate City
2723000,Katano City
2723100,Osakasayama City
2723200,Hannan City
2730100,Shimamoto Town
2732100,Toyono Town
2732200,Nose Town
2734100,Tadaoka Town
2736100,Kumatori Town
2736200,Tajiri Town
2736600,Misaki Town
2738100,Taishi Town
2738200,Kanan Town
2738300,Chihayaakasaka Village
2810000,Kobe City
2810100,Higashinada Ward
2810200,Nada Ward
2810500,Hyogo Ward
2810600,Nagata Ward
2810700,Suma Ward
2810800,Tarumi Ward
2810900,Kita Ward
2811000,Chuo Ward
2811100,Nishi Ward
2820100,Himeji City
2820200,Amagasaki City
2820300,Akashi City
2820400,Nishinomiya City
2820500,Sumoto City
2820600,Ashiya City
2820700,Itami City
2820800,Aioi City
2820900,Toyooka City
2821000,Kakogawa City
2821200,Ako City
2821300,Nishiwaki City
2821400,Takarazuka City
2821500,Miki City
2821600,Takasago City
2821700,Kawanishi City
2821800,Ono City
2821900,Sanda City
2822000,Kasai City
2822100,Tanba-sasayama City
2822200,Yabu City
2822300,Tamba City
2822400,Minamiawaji City
2822500,Asago City
2822600,Awaji City
2822700,Shiso City
2822800,Kato City
2822900,Tatsuno City
2830100,Inagawa Town
2836500,Taka Town
2838100,Inami Town
2838200,Harima Town
2844200,Ichikawa Town
2844300,Fukusaki Town
2844600,Kamikawa Town
2846400,Taishi Town
2848100,Kamigori Town
2850100,Sayo Town
2858500,Kami Town
2858600,Shinonsen Town
2920100,Nara City
2920101,Western Nara City
2920102,Eastern Nara City
2920200,Yamatotakada City
2920300,Yamatokoriyama City
2920400,Tenri City
2920500,Kashihara City
2920600,Sakurai City
2920700,Gojo City
2920701,Northern Gojo City
2920702,Southern Gojo City
2920800,Gose City
2920900,Ikoma City
2921000,Kashiba City
2921100,Katsuragi City
2921200,Uda City
2932200,Yamazoe Village
2934200,Heguri Town
2934300,Sango Town
2934400,Ikaruga Town
2934500,Ando Town
2936100,Kawanishi Town
2936200,Miyake Town
2936300,Tawaramoto Town
2938500,Soni Village
2938600,Mitsue Village
2940100,Takatori Town
2940200,Asuka Village
2942400,Kammaki Town
2942500,Oji Town
2942600,Koryo Town
2942700,Kawai Town
2944100,Yoshino Town
2944200,Oyodo Town
2944300,Shimoichi Town
2944400,Kurotaki Village
2944600,Tenkawa Village
2944700,Nosegawa Village
2944900,Totsukawa Village
2945000,Shimokitayama Village
2945100,Kamikitayama Village
2945200,Kawakami Village
2945300,Higashiyoshino Village
3020100,Wakayama City
3020200,Kainan City
3020300,Hashimoto City
3020400,Arida City
3020500,Gobo City
3020600,Tanabe City
3020601,Tanabe  Tanabe City
3020602,Ryujin  Tanabe City
3020603,Nakahechi  Tanabe City
3020604,Oto  Tanabe City
3020605,Hongu  Tanabe City
3020700,Shingu City
3020800,Kinokawa City
3020900,Iwade City
3030400,Kimino Town
3034100,Katsuragi Town
3034101,Katsuragi  Katsuragi Town
3034102,Hanazono  Katsuragi Town
3034300,Kudoyama Town
3034400,Koya Town
3036100,Yuasa Town
3036200,Hirogawa Town
3036600,Aridagawa Town
3036601,Kibikanaya  Aridagawa Town
3036602,Shimizu  Aridagawa Town
3038100,Mihama Town
3038200,Hidaka Town
3038300,Yura Town
3039000,Inami Town
3039100,Minabe Town
3039200,Hidakagawa Town
3039201,Kawabe  Hidakagawa Town
3039202,Nakatsu  Hidakagawa Town
3039203,Miyama  Hidakagawa Town
3040100,Shirahama Town
3040400,Kamitonda Town
3040600,Susami Town
3042100,Nachikatsuura Town
3042200,Taiji Town
3042400,Kozagawa Town
3042700,Kitayama Village
3042800,Kushimoto Town
3120100,Tottori City
3120101,Northern Tottori City
3120102,Southern Tottori City
3120200,Yonago City
3120300,Kurayoshi City
3120400,Sakaiminato City
3130200,Iwami Town
3132500,Wakasa Town
3132800,Chizu Town
3132900,Yazu Town
3136400,Misasa Town
3137000,Yurihama Town
3137100,Kotoura Town
3137200,Hokuei Town
3138400,Hiezu Village
3138600,Daisen Town
3138900,Nambu Town
3139000,Hoki Town
3139011,Kishimoto Area  Hoki Town
3139012,Mizokuchi Area  Hoki Town
3140100,Nichinan Town
3140200,Hino Town
3140300,Kofu Town
3220100,Matsue City
3220200,Hamada City
3220300,Izumo City
3220400,Masuda City
3220500,Ohda City
3220600,Yasugi City
3220700,Gotsu City
3220900,Unnan City
3234300,Okuizumo Town
3238600,Iinan Town
3244100,Kawamoto Town
3244800,Misato Town
3244900,Onan Town
3250100,Tsuwano Town
3250500,Yoshika Town
3252500,Ama Town
3252600,Nishinoshima Town
3252700,Chibu Village
3252800,Okinoshima Town
3310000,Okayama City
3310100,Kita Ward
3310200,Naka Ward
3310300,Higashi Ward
3310400,Minami Ward
3320200,Kurashiki City
3320300,Tsuyama City
3320400,Tamano City
3320500,Kasaoka City
3320700,Ibara City
3320800,Soja City
3320900,Takahashi City
3321000,Niimi City
3321100,Bizen City
3321200,Setouchi City
3321300,Akaiwa City
3321400,Maniwa City
3321500,Mimasaka City
3321600,Asakuchi City
3334600,Wake Town
3342300,Hayashima Town
3344500,Satosho Town
3346100,Yakage Town
3358600,Shinjo Village
3360600,Kagamino Town
3362200,Shoo Town
3362300,Nagi Town
3364300,Nishiawakura Village
3366300,Kumenan Town
3366600,Misaki Town
3368100,Kibichuo Town
3410000,Hiroshima City
3410100,Naka Ward
3410200,Higashi Ward
3410300,Minami Ward
3410400,Nishi Ward
3410500,Asaminami Ward
3410600,Asakita Ward
3410700,Aki Ward
3410800,Saeki Ward
3420200,Kure City
3420300,Takehara City
3420400,Mihara City
3420500,Onomichi City
3420700,Fukuyama City
3420800,Fuchu City
3420900,Miyoshi City
3421000,Shobara City
3421100,Otake City
3421200,Higashihiroshima City
3421300,Hatsukaichi City
3421400,Akitakata City
3421500,Etajima City
3430200,Fuchu Town
3430400,Kaita Town
3430700,Kumano Town
3430900,Saka Town
3436800,Akiota Town
3436900,Kitahiroshima Town
3443100,Osakikamijima Town
3446200,Sera Town
3454500,Jinsekikogen Town
3520100,Shimonoseki City
3520200,Ube City
3520300,Yamaguchi City
3520400,Hagi City
3520600,Hofu City
3520700,Kudamatsu City
3520800,Iwakuni City
3521000,Hikari City
3521100,Nagato City
3521200,Yanai City
3521300,Mine City
3521500,Shunan City
3521600,Sanyo Onoda City
3530500,Suo-oshima Town
3532100,Waki Town
3534100,Kaminoseki Town
3534300,Tabuse Town
3534400,Hirao Town
3550200,Abu Town
3620100,Tokushima City
3620200,Naruto City
3620300,Komatsushima City
3620400,Anan City
3620500,Yoshinogawa City
3620511,Kamojimacho  Yoshinogawa City
3620512,Kawashimacho  Yoshinogawa City
3620513,Yamakawacho  Yoshinogawa City
3620514,Misato  Yoshinogawa City
3620600,Awa City
3620611,Yoshinocho  Awa City
3620612,Donaricho  Awa City
3620613,Ichibacho  Awa City
3620614,Awacho  Awa City
3620700,Mima City
3620701,Waki/Mima/Anabuki  Mima City
3620702,Koyadaira  Mima City
3620711,Wakimachi  Mima City
3620712,Mimacho  Mima City
3620713,Anabukicho  Mima City
3620800,Miyoshi City
3620811,Minocho  Miyoshi City
3620812,Ikedacho  Miyoshi City
3620813,Yamashirocho Miyoshi City
3620814,Ikawacho  Miyoshi City
3620815,Higashiiya  Miyoshi City
3620816,Nishiiyayamamura  Miyoshi City
3630100,Katsuura Town
3630200,Kamikatsu Town
3632100,Sanagochi Village
3634100,Ishii Town
3634200,Kamiyama Town
3636800,Naka Town
3636811,Wajiki Area  Naka Town
3636812,Aioi Area  Naka Town
3636813,Naka Area  Naka Town
3636814,Kisawa Area  Naka Town
3636815,Kito Area  Naka Town
3638300,Mugi Town
3638700,Minami Town
3638711,Yuki Area  Minami Town
3638712,Hiwasa Area  Minami Town
3638800,Kaiyo Town
3638811,Kainan Area  Kaiyo Town
3638812,Kaifu Area  Kaiyo Town
3638813,Shishikui Area  Kaiyo Town
3640100,Matsushige Town
3640200,Kitajima Town
3640300,Aizumi Town
3640400,Itano Town
3640500,Kamiita Town
3646800,Tsurugi Town
3646801,Handa/Sadamitsu  Tsurugi Town
3646802,Ichiu  Tsurugi Town
3646811,Handa  Tsurugi Town
3646812,Sadamitsu  Tsurugi Town
3648900,Higashimiyoshi Town
3648911,Miyoshi Area  Higashimiyoshi Town
3648912,Mikamo Area  Higashimiyoshi Town
3720100,Takamatsu City
3720200,Marugame City
3720300,Sakaide City
3720400,Zentsuji City
3720500,Kanonji City
3720600,Sanuki City
3720700,Higashikagawa City
3720800,Mitoyo City
3732200,Tonosho Town
3732400,Shodoshima Town
3734100,Miki Town
3736400,Naoshima Town
3738600,Utazu Town
3738700,Ayagawa Town
3740300,Kotohira Town
3740400,Tadotsu Town
3740600,Manno Town
3820100,Matsuyama City
3820200,Imabari City
3820300,Uwajima City
3820400,Yawatahama City
3820500,Niihama City
3820600,Saijo City
3820700,Ozu City
3821000,Iyo City
3821300,Shikokuchuo City
3821400,Seiyo City
3821500,Toon City
3835600,Kamijima Town
3838600,Kumakogen Town
3840100,Masaki Town
3840200,Tobe Town
3842200,Uchiko Town
3844200,Ikata Town
3848400,Matsuno Town
3848800,Kihoku Town
3850600,Ainan Town
3920100,Kochi City
3920200,Muroto City
3920300,Aki City
3920400,Nankoku City
3920500,Tosa City
3920600,Susaki City
3920800,Sukumo City
3920900,Tosashimizu City
3921000,Shimanto City
3921100,Konan City
3921200,Kami City
3930100,Toyo Town
3930200,Nahari Town
3930300,Tano Town
3930400,Yasuda Town
3930500,Kitagawa Village
3930600,Umaji Village
3930700,Geisei Village
3934100,Motoyama Town
3934400,Otoyo Town
3936300,Tosa Town
3936400,Okawa Village
3938600,Ino Town
3938700,Niyodogawa Town
3940100,Nakatosa Town
3940200,Sakawa Town
3940300,Ochi Town
3940500,Yusuhara Town
3941000,Hidaka Village
3941100,Tsuno Town
3941200,Shimanto Town
3942400,Otsuki Town
3942700,Mihara Village
3942800,Kuroshio Town
4010000,Kitakyushu City
4010100,Moji Ward
4010300,Wakamatsu Ward
4010500,Tobata Ward
4010600,Kokurakita Ward
4010700,Kokuraminami Ward
4010800,Yahatahigashi Ward
4010900,Yahatanishi Ward
4013000,Fukuoka City
4013100,Higashi Ward
4013200,Hakata Ward
4013300,Chuo Ward
4013400,Minami Ward
4013500,Nishi Ward
4013600,Jonan Ward
4013700,Sawara Ward
4020200,Omuta City
4020300,Kurume City
4020400,Nogata City
4020500,Iizuka City
4020600,Tagawa City
4020700,Yanagawa City
4021000,Yame City
4021100,Chikugo City
4021200,Okawa City
4021300,Yukuhashi City
4021400,Buzen City
4021500,Nakama City
4021600,Ogori City
4021700,Chikushino City
4021800,Kasuga City
4021900,Onojo City
4022000,Munakata City
4022100,Dazaifu City
4022300,Koga City
4022400,Fukutsu City
4022500,Ukiha City
4022600,Miyawaka City
4022700,Kama City
4022800,Asakura City
4022900,Miyama City
4023000,Itoshima City
4023100,Nakagawa City
4034100,Umi Town
4034200,Sasaguri Town
4034300,Shime Town
4034400,Sue Town
4034500,Shingu Town
4034800,Hisayama Town
4034900,Kasuya Town
4038100,Ashiya Town
4038200,Mizumaki Town
4038300,Okagaki Town
4038400,Onga Town
4040100,Kotake Town
4040200,Kurate Town
4042100,Keisen Town
4044700,Chikuzen Town
4044800,Toho Village
4050300,Tachiarai Town
4052200,Oki Town
4054400,Hirokawa Town
4060100,Kawara Town
4060200,Soeda Town
4060400,Itoda Town
4060500,Kawasaki Town
4060800,Oto Town
4060900,Aka Village
4061000,Fukuchi Town
4062100,Kanda Town
4062500,Miyako Town
4064200,Yoshitomi Town
4064600,Koge Town
4064700,Chikujo Town
4120100,Saga City
4120200,Karatsu City
4120300,Tosu City
4120400,Taku City
4120500,Imari City
4120600,Takeo City
4120700,Kashima City
4120800,Ogi City
4120900,Ureshino City
4121000,Kanzaki City
4132700,Yoshinogari Town
4134100,Kiyama Town
4134500,Kamimine Town
4134600,Miyaki Town
4138700,Genkai Town
4140100,Arita Town
4142300,Omachi Town
4142400,Kohoku Town
4142500,Shiroishi Town
4144100,Tara Town
4220100,Nagasaki City
4220200,Sasebo City
4220201,Sasebo City (excluding Uku Area)
4220202,Sasebo City (Uku Area)
4220300,Shimabara City
4220400,Isahaya City
4220500,Omura City
4220700,Hirado City
4220800,Matsuura City
4220900,Tsushima City
4220901,Shimotsushima
4220902,Kamitsushima
4221000,Iki City
4221100,Goto City
4221200,Saikai City
4221201,Saikai City (Excluding Enoshima and Tairashima）
4221202,Saikai City (Enoshima and Tairashima))
4221300,Unzen City
4221400,Minamishimabara City
4230700,Nagayo Town
4230800,Togitsu Town
4232100,Higashisonogi Town
4232200,Kawatana Town
4232300,Hasami Town
4238300,Ojika Town
4239100,Saza Town
4241100,Shinkamigoto Town
4310000,Kumamoto City
4310100,Chuo Ward
4310200,Higashi Ward
4310300,Nishi Ward
4310400,Minami Ward
4310500,Kita Ward
4320200,Yatsushiro City
4320211,Western Yatsushiro City
4320212,Eastern Yatsushiro City
4320300,Hitoyoshi City
4320400,Arao City
4320500,Minamata City
4320600,Tamana City
4320800,Yamaga City
4321000,Kikuchi City
4321100,Uto City
4321200,Kamiamakusa City
4321300,Uki City
4321400,Aso City
4321500,Amakusa City
4321511,Eastern Amakusa City
4321512,Western Amakusa City
4321600,Koshi City
4334800,Misato Town
4336400,Gyokuto Town
4336700,Nankan Town
4336800,Nagasu Town
4336900,Nagomi Town
4340300,Ozu Town
4340400,Kikuyo Town
4342300,Minamioguni Town
4342400,Oguni Town
4342500,Ubuyama Village
4342800,Takamori Town
4343200,Nishihara Village
4343300,Minamiaso Village
4344100,Mifune Town
4344200,Kashima Town
4344300,Mashiki Town
4344400,Kosa Town
4344700,Yamato Town
4344711,Eastern Yamato Town
4344712,Western Yamato Town
4346800,Hikawa Town
4348200,Ashikita Town
4348400,Tsunagi Town
4350100,Nishiki Town
4350500,Taragi Town
4350600,Yunomae Town
4350700,Mizukami Village
4351000,Sagara Village
4351100,Itsuki Village
4351200,Yamae Village
4351300,Kuma Village
4351400,Asagiri Town
4353100,Reihoku Town
4420100,Oita City
4420200,Beppu City
4420300,Nakatsu City
4420400,Hita City
4420500,Saiki City
4420600,Usuki City
4420700,Tsukumi City
4420800,Taketa City
4420900,Bungotakada City
4421000,Kitsuki City
4421100,Usa City
4421200,Bungo Ohno City
4421300,Yufu City
4421400,Kunisaki City
4432200,Himeshima Village
4434100,Hiji Town
4446100,Kokonoe Town
4446200,Kusu Town
4520100,Miyazaki City
4520200,Miyakonojo City
4520300,Nobeoka City
4520400,Nichinan City
4520500,Kobayashi City
4520600,Hyuga City
4520700,Kushima City
4520800,Saito City
4520900,Ebino City
4534100,Mimata Town
4536100,Takaharu Town
4538200,Kunitomi Town
4538300,Aya Town
4540100,Takanabe Town
4540200,Shintomi Town
4540300,Nishimera Village
4540400,Kijo Town
4540500,Kawaminami Town
4540600,Tsuno Town
4542100,Kadogawa Town
4542900,Morotsuka Village
4543000,Shiiba Village
4543100,Misato Town
4544100,Takachiho Town
4544200,Hinokage Town
4544300,Gokase Town
4620100,Kagoshima City
4620300,Kanoya City
4620400,Makurazaki City
4620600,Akune City
4620800,Izumi City
4621000,Ibusuki City
4621300,Nishinoomote City
4621400,Tarumizu City
4621500,Satsumasendai City
4621501,Satsumasendai City
4621502,Koshikishima  Satsumasendai City
4621600,Hioki City
4621700,Soo City
4621800,Kirishima City
4621900,Ichikikushikino City
4622000,Minamisatsuma City
4622100,Shibushi City
4622200,Amami City
4622300,Minamikyushu City
4622400,Isa City
4622500,Aira City
4630300,Mishima Village
4630400,Toshima Village
4639200,Satsuma Town
4640400,Nagashima Town
4645200,Yusui Town
4646800,Osaki Town
4648200,Higashikushira Town
4649000,Kinko Town
4649100,Minamiosumi Town
4649200,Kimotsuki Town
4650100,Nakatane Town
4650200,Minamitane Town
4650500,Yakushima Town
4652300,Yamato Village
4652400,Uken Village
4652500,Setouchi Town
4652700,Tatsugo Town
4652900,Kikai Town
4653000,Tokunoshima Town
4653100,Amagi Town
4653200,Isen Town
4653300,Wadomari Town
4653400,China Town
4653500,Yoron Town
4720100,Naha City
4720500,Ginowan City
4720700,Ishigaki City
4720800,Urasoe City
4720900,Nago City
4721000,Itoman City
4721100,Okinawa City
4721200,Tomigusuku City
4721300,Uruma City
4721400,Miyakojima City
4721500,Nanjo City
4730100,Kunigami Village
4730200,Ogimi Village
4730300,Higashi Village
4730600,Nakijin Village
4730800,Motobu Town
4731100,Onna Village
4731300,Ginoza Village
4731400,Kin Town
4731500,Ie Village
4732400,Yomitan Village
4732500,Kadena Town
4732600,Chatan Town
4732700,Kitanakagusuku Village
4732800,Nakagusuku Village
4732900,Nishihara Town
4734800,Yonabaru Town
4735000,Haebaru Town
4735300,Tokashiki Village
4735400,Zamami Village
4735500,Aguni Village
4735600,Tonaki Village
4735700,Minamidaito Village
4735800,Kitadaito Village
4735900,Iheya Village
4736000,Izena Village
4736100,Kumejima Town
4736200,Yaese Town
4737500,Tarama Village
4738100,Taketomi Town
4738200,Yonaguni Town
